year,first_name,middle_name,last_name,affiliation,original specialization,modified specializationmemoriam,email_affiliation,related_aff,umbrella_spec,,full_name
1969,Yale,,Nemerson,[],[],[],"['ASCI', 'AAP']",[],[],,yale nemerson
1970,Dorothea,,Zucker-Franklin,[],[],[],"['ASCI', 'AAP']",[],[],,dorothea zucker-franklin
1970,Nathan,J.,Zvaifler,[],[],[],"['ASCI', 'AAP']",[],[],,nathan zvaifler
1972,Shirley,,Ebbe,"['University of California, Berkeley']",['Hematology'],['Hematology'],"['ASCI', 'AAP']",[],[],,shirley ebbe
1976,Leonard,,Jarett,[],[],[],"['ASCI', 'AAP']",[],[],,leonard jarett
1988,Samuel,A.,Santoro,['Vanderbilt University School of Medicine'],"['Molecular Biology', 'Pathology', 'Hematology', 'Cell Biology', 'Developmental Biology', 'Biochemistry', 'Laboratory Medicine', 'Cardiovascular Disease', 'Nephrology']","['Pathology', 'Hematology', 'Laboratory Medicine', 'Cardiovascular Disease', 'Nephrology']","['ASCI', 'AAP']",[],[],,samuel santoro
1992,Janis,,Abkowitz,['University of Washington School of Medicine'],"['Cell Biology', 'Hematology', 'Bone marrow transplantation', 'Virology', 'Oncology', 'Internal Medicine']","['Hematology', 'Bone marrow transplantation', 'Internal Medicine']","['ASCI', 'AAP']",[],[],,janis abkowitz
1994,Jeff,M.,Sands,['Emory University School of Medicine'],"['Physiology', 'Nephrology']",['Nephrology'],"['ASCI', 'AAP']",[],[],,jeff sands
1998,Michael,S.,Parmacek,['University of Pennsylvania Perelman School of Medicine'],"['Cell Biology', 'Cardiovascular Disease', 'Cardiology', 'Molecular Biology', 'Developmental Biology', 'Genetics']","['Cardiovascular Disease', 'Cardiology', 'Genetics']","['ASCI', 'AAP']",[],[],,michael parmacek
2001,David,M.,Nanus,['Weill Cornell Medical College'],"['Oncology', 'Cell Biology', 'Molecular Biology']",[],"['ASCI', 'AAP']",[],[],,david nanus
2005,Rexford,,Ahima,"['Johns Hopkins Bloomberg School of Public Health', 'Johns Hopkins University School of Medicine']","['Neurobiology', 'Endocrinology', 'Metabolism', 'Diabetes']","['Endocrinology', 'Metabolism', 'Diabetes']","['ASCI', 'AAP']",['Johns Hopkins University Affiliates*'],"['Johns Hopkins Bloomberg School of Public Health', 'Johns Hopkins Medical Institutes', 'Johns Hopkins University School of Medicine']",,rexford ahima
2006,Joseph,,Zabner,['University of Iowa Carver College of Medicine'],"['Pulmonology', 'Internal Medicine']","['Pulmonology', 'Internal Medicine']","['ASCI', 'AAP']",[],[],,joseph zabner
2009,Rulan,S.,Parekh,"['University of Toronto Faculty of Medicine', ""Women's College Hospital""]",['Pediatrics'],['Pediatrics'],"['ASCI', 'AAP']",[],[],,rulan parekh
2010,Feroz,R.,Papa,"['University of California, San Francisco, School of Medicine']",['Internal Medicine'],['Internal Medicine'],"['ASCI', 'AAP']",[],[],,feroz papa
2012,Brian,S.,Zuckerbraun,['University of Pittsburgh School of Medicine'],['Surgery'],['Surgery'],"['ASCI', 'AAP']",['University of Pittsburgh Affiliates*'],"[""University of Pittsburgh Children's Hospital"", 'University of Pittsburgh Medical Center', 'University of Pittsburgh School of Medicine', 'University of Pittsburgh School of Public Health']",,brian zuckerbraun
2013,Iris,Zamir,Jaffe,['Tufts Medical Center'],"['Cardiovascular Disease', 'Internal Medicine']","['Cardiovascular Disease', 'Internal Medicine']","['ASCI', 'AAP']",['Tuft University Affiliates*'],"['Tufts Medical Center', 'Tufts University School of Medicine']",,iris jaffe
2015,Sohail,F.,Tavazoie,['The Rockefeller University'],['Oncology'],[],"['ASCI', 'AAP']",[],[],,sohail tavazoie
2015,Muneesh,,Tewari,['University of Michigan Medical School'],['Oncology'],[],"['ASCI', 'AAP']",[],[],,muneesh tewari
1969,Elia,M,Ayoub,[],[],[],['ASCI'],[],[],,elia ayoub
1969,John,M.,Dietschy,[],[],[],['ASCI'],[],[],,john dietschy
1969,Yale,,Enson,[],[],[],['ASCI'],[],[],,yale enson
1969,Mehran,,Goulian,"['University of California, San Diego, School of Medicine']","['General Medicine', 'Molecular Biology', 'Cell Biology', 'Biochemistry', 'Hematology', 'Bone marrow transplantation']","['General Medicine', 'Hematology', 'Bone marrow transplantation']",['ASCI'],[],[],,mehran goulian
1969,Hermes,A.,Kontos,['Virginia Commonwealth University School of Medicine'],"['Cardiovascular Disease', 'Hypertension', 'Cardiology', 'Administration']","['Cardiovascular Disease', 'Cardiology']",['ASCI'],['Virginia Commonwealth University Affiliates*'],"['Virginia Commonwealth University Massey Cancer Center', 'Virginia Commonwealth University School of Medicine']",,hermes kontos
1969,Gilbert,E,Levinson,[],[],[],['ASCI'],[],[],,gilbert levinson
1969,Harvey,S.,Marver,[],[],[],['ASCI'],[],[],,harvey marver
1970,Phyllis,T.,Bodel,[],[],[],['ASCI'],[],[],,phyllis bodel
1970,Sidney,R.,Cooperband,[],[],[],['ASCI'],[],[],,sidney cooperband
1970,Jacques,I.,Kessler,"['McGill University Faculty of Medicine', 'Royal Victoria Hospital']","['Internal Medicine', 'Hepatology', 'Gastroenterology']","['Internal Medicine', 'Hepatology', 'Gastroenterology']",['ASCI'],[],[],,jacques kessler
1971,Gildon,,Beall,[],[],[],['ASCI'],[],[],,gildon beall
1971,Neil,S,Cherniack,[],[],[],['ASCI'],[],[],,neil cherniack
1972,Clyde,Wayne,Bardin,[],[],[],['ASCI'],[],[],,clyde bardin
1972,Michael,W.,Mosesson,['Blood Center of Southeastern Wisconsin'],"['Molecular Biology', 'Biochemistry', 'Hematology']",['Hematology'],['ASCI'],[],[],,michael mosesson
1972,Leon,D.,Sabath,[],[],[],['ASCI'],[],[],,leon sabath
1973,Jamshid,,Javid,[],"['Genetics', 'Hematology']","['Genetics', 'Hematology']",['ASCI'],[],[],,jamshid javid
1973,Marshall,A.,Lichtman,['University of Rochester School of Medicine & Dentistry'],"['Biochemistry', 'Cell Biology', 'Biophysics', 'Hematology', 'Biomedical Engineering']",['Hematology'],['ASCI'],[],[],,marshall lichtman
1973,Manning,M,Thaler,[],[],[],['ASCI'],[],[],,manning thaler
1974,Harry,,Beaty,[],[],[],['ASCI'],[],[],,harry beaty
1974,Viktor,A.,Bokisch,[],[],[],['ASCI'],[],[],,viktor bokisch
1974,Alexander,,Fefer,[],[],[],['ASCI'],[],[],,alexander fefer
1974,Darryl,K.,Granner,['Vanderbilt University School of Medicine'],"['Physiology', 'Molecular Biology', 'Endocrinology']",['Endocrinology'],['ASCI'],[],[],,darryl granner
1974,Sheldon,P,Rothenberg,[],[],[],['ASCI'],[],[],,sheldon rothenberg
1975,Edgar,S,Cathcart,[],[],[],['ASCI'],[],[],,edgar cathcart
1975,Franklyn,G,Knox,[],[],[],['ASCI'],[],[],,franklyn knox
1975,Julian,,Niemetz,[],"['Hematology', 'Thromboembolism']",['Hematology'],['ASCI'],[],[],,julian niemetz
1975,Antero,G,So,[],[],[],['ASCI'],[],[],,antero so
1976,Edwin,,Beachey,[],[],[],['ASCI'],[],[],,edwin beachey
1976,Guenther,,Boden,[],[],[],['ASCI'],[],[],,guenther boden
1976,Vincent,A,Discala,[],[],[],['ASCI'],[],[],,vincent discala
1976,Laurence,H.,Kedes,['University of Southern California Keck School of Medicine'],"['Cardiovascular Disease', 'Genetics', 'Developmental Biology', 'Biochemistry', 'Gene Transfer/Gene Therapy', 'Molecular Biology', 'Administration']","['Cardiovascular Disease', 'Genetics']",['ASCI'],[],[],,laurence kedes
1977,Robert,S.,Adelstein,['National Institutes of Health'],"['Cardiovascular Disease', 'Cell Biology', 'Cardiology', 'Developmental Biology', 'Genetics', 'Molecular Biology', 'Biochemistry']","['Cardiovascular Disease', 'Cardiology', 'Genetics']",['ASCI'],[],[],,robert adelstein
1977,Joseph,,Avruch,"['Harvard Medical School', 'Harvard Medical School, Massachusetts General Hospital']","['Endocrinology', 'Molecular Biology', 'Diabetes', 'Biochemistry', 'Metabolism', 'Internal Medicine']","['Endocrinology', 'Diabetes', 'Metabolism', 'Internal Medicine']",['ASCI'],['Harvard University Affiliates*'],"['Broad Institute of Harvard and M.I.T.', 'Harvard Medical School', 'Harvard Medical School, Beth Israel Deaconess Medical Center', ""Harvard Medical School, Boston Children's Hospital"", ""Harvard Medical School, Brigham & Women's Hospital"", 'Harvard Medical School, Center For Blood Research', 'Harvard Medical School, Dana-Farber Cancer Institute', 'Harvard Medical School, Joslin Diabetes Center', 'Harvard Medical School, Massachusetts General Hospital', 'Harvard School of Public Health', 'Mount Auburn Hospital', 'Mass General Brigham']",,joseph avruch
1977,Frederick,R.,DeRubertis,['University of Pittsburgh School of Medicine'],"['Nephrology', 'Metabolism', 'Endocrinology', 'Biochemistry', 'Internal Medicine']","['Nephrology', 'Metabolism', 'Endocrinology', 'Internal Medicine']",['ASCI'],['University of Pittsburgh Affiliates*'],"[""University of Pittsburgh Children's Hospital"", 'University of Pittsburgh Medical Center', 'University of Pittsburgh School of Medicine', 'University of Pittsburgh School of Public Health']",,frederick derubertis
1977,Jack,J.,Hawiger,['Vanderbilt University School of Medicine'],"['Immunology', 'Molecular Biology', 'Infectious Disease', 'Hematology', 'Microbiology']","['Infectious Disease', 'Hematology', 'Microbiology']",['ASCI'],[],[],,jack hawiger
1977,Ruy,,Soeiro,[],[],[],['ASCI'],[],[],,ruy soeiro
1977,Bobby,J.,Stinebaugh,[],[],[],['ASCI'],[],[],2,bobby stinebaugh
1977,Kirk,D,Wuepper,[],[],[],['ASCI'],[],[],,kirk wuepper
1978,Philip,,Coffino,[],[],[],['ASCI'],[],[],,philip coffino
1978,Daniel,A.,Roncari,[],[],[],['ASCI'],[],[],,daniel roncari
1978,Irwin,,Scher,[],[],[],['ASCI'],[],[],,irwin scher
1979,Nicholas,M,Kredich,[],[],[],['ASCI'],[],[],,nicholas kredich
1979,Makio,,Ogawa,[],[],[],['ASCI'],[],[],,makio ogawa
1979,Matthew,,Rechler,['National Institutes of Health'],"['Molecular Biology', 'Diabetes', 'Internal Medicine', 'Endocrinology', 'Cell Biology', 'Biochemistry']","['Diabetes', 'Internal Medicine', 'Endocrinology']",['ASCI'],[],[],,matthew rechler
1979,David,L.,Rosenstreich,[],[],[],['ASCI'],[],[],,david rosenstreich
1979,Shigeru,,Sassa,[],[],[],['ASCI'],[],[],,shigeru sassa
1980,Neil,R.,Blacklow,['University of Massachusetts Medical School'],"['Microbiology', 'Infectious Disease', 'Virology', 'Preventive Medicine', 'Public Policy', 'Vaccines', 'Internal Medicine', 'Epidemiology']","['Microbiology', 'Infectious Disease', 'Internal Medicine']",['ASCI'],[],[],,neil blacklow
1980,Philip,S.,Guzelian,[],[],[],['ASCI'],[],[],,philip guzelian
1980,Ione,A,Kourides,[],[],[],['ASCI'],[],[],,ione kourides
1980,Harry,S,Margolius,[],[],[],['ASCI'],[],[],,harry margolius
1980,Richard,K.,Shadduck,['West Pennsylvania Hospital'],"['Oncology', 'Hematology', 'Administration', 'Bone marrow transplantation']","['Hematology', 'Bone marrow transplantation']",['ASCI'],[],[],,richard shadduck
1980,William,E,Yarger,[],[],[],['ASCI'],[],[],,william yarger
1981,Bertram,F.,Felsher,[],"['Endocrinology', 'Hepatology', 'Gastroenterology']","['Endocrinology', 'Hepatology', 'Gastroenterology']",['ASCI'],[],[],,bertram felsher
1981,Marvin,C.,Gershengorn,"['NIH, National Institute of Diabetes and Digestive and Kidney Diseases (NIDDK)']",[],[],['ASCI'],['NIH Affiliates*'],"['NIH, Eunice Kennedy Shriver National Institute of Child Health and Human Development (NICHD)', 'NIH, National Cancer Institute (NCI)', 'NIH, National Center for Complementary and Integrative Health (NCCIH)', 'NIH, National Eye Institute (NEI)', 'NIH, National Heart, Lung, and Blood Institute (NHLBI)', 'NIH, National Human Genome Research Institute (NHGRI)', 'NIH, National Institute of Allergy and Infectious Diseases (NIAID)', 'NIH, National Institute of Arthritis and Musculoskeletal and Skin Diseases (NIAMS)', 'NIH, National Institute of Diabetes and Digestive and Kidney Diseases (NIDDK)', 'NIH, National Institute of Minority Health and Health Disparities', 'NIH, National Institute of Neurological Disorders and Stroke (NINDS)', 'NIH, National Institute on Aging (NIA)', 'NIH, National Institute on Alcohol Abuse and Alcoholism (NIAAA)']",,marvin gershengorn
1981,Detlef,O.,Schlondorff,[],[],[],['ASCI'],[],[],,detlef schlondorff
1981,Manjeri,A.,Venkatachalam,"['UT Health San Antonio, Joe R. & Teresa Lozano Long School of Medicine']","['Physiology', 'Pathology']",['Pathology'],['ASCI'],[],[],,manjeri venkatachalam
1982,Tomas,,Berl,['University of Colorado School of Medicine'],"['Nephrology', 'Cell Biology']",['Nephrology'],['ASCI'],['University of Colorado Affiliates*'],"['University of Colorado Health Sciences Center', 'University of Colorado School of Medicine']",,tomas berl
1982,Steven,J.,Burakoff,['Icahn School of Medicine at Mount Sinai'],['Immunology'],[],['ASCI'],['Mount Sinai Affiliates*'],"['Mount Sinai Hospital, Toronto', 'Icahn School of Medicine at Mount Sinai', 'Mount Sinai Beth Israel', 'Samuel Lunenfeld Research Institute of Mount Sinai Hospital']",,steven burakoff
1982,Ralph,A.,Giannella,['University of Cincinnati College of Medicine'],"['Administration', 'Microbiology', 'Health care policy', 'Gastroenterology', 'Internal Medicine', 'History of Medicine', 'Molecular Biology']","['Microbiology', 'Gastroenterology', 'Internal Medicine']",['ASCI'],[],[],,ralph giannella
1982,Arnold,E.,Postlethwaite,[],[],[],['ASCI'],[],[],,arnold postlethwaite
1982,Alex,,Rabinovitch,['Sanford Research Center'],"['Diabetes', 'Metabolism', 'Immunology']","['Diabetes', 'Metabolism']",['ASCI'],[],[],,alex rabinovitch
1982,Arleen,B.,Rifkind,[],[],[],['ASCI'],[],[],,arleen rifkind
1983,Carl,S,Apstein,[],[],[],['ASCI'],[],[],,carl apstein
1983,Meyer,D,Lifschitz,[],"['Nephrology', 'Pharmacology', 'Bioethics', 'Physiology', 'Internal Medicine', 'Administration', 'Hypertension']","['Nephrology', 'Internal Medicine']",['ASCI'],[],[],,meyer lifschitz
1983,James,Edward,Niedel,[],[],[],['ASCI'],[],[],,james niedel
1983,John,E.,Repine,"['University of Colorado School of Medicine', 'Webb-Waring Institute']","['Pulmonology', 'Internal Medicine', 'Aging', 'Physiology', 'Administration', 'Cell Biology', 'Critical Care Medicine', 'Biochemistry', 'Molecular Biology']","['Pulmonology', 'Internal Medicine', 'Critical Care Medicine']",['ASCI'],['University of Colorado Affiliates*'],"['University of Colorado Health Sciences Center', 'University of Colorado School of Medicine']",,john repine
1983,Sanford,J.,Shattil,"['University of California, San Diego, School of Medicine']","['Hematology', 'Cell Biology', 'Thromboembolism', 'Biochemistry']",['Hematology'],['ASCI'],[],[],,sanford shattil
1984,Itamar,B.,Abrass,['University of Washington School of Medicine'],"['Molecular Biology', 'Metabolism', 'Cell Biology', 'Internal Medicine', 'Endocrinology', 'Geriatrics']","['Metabolism', 'Internal Medicine', 'Endocrinology', 'Geriatrics']",['ASCI'],[],[],,itamar abrass
1984,Robert,C.,Bast Jr.,['University of Texas MD Anderson Cancer Center'],"['Hematology', 'Internal Medicine', 'Oncology']","['Hematology', 'Internal Medicine']",['ASCI'],[],[],,robert bast jr.
1984,Barry,W.,Festoff,['University of Kansas School of Medicine'],"['Neurobiology', 'Molecular Biology', 'Developmental Biology', 'Cell Biology', 'Neurology']",['Neurology'],['ASCI'],[],[],,barry festoff
1984,Charles,J.,Homcy,"['Portola Pharmaceuticals, Inc.', 'University of California, San Francisco, School of Medicine']","['Pharmacology', 'Cardiology', 'Molecular Biology', 'Drug Development', 'Cardiovascular Disease']","['Cardiology', 'Cardiovascular Disease']",['ASCI'],[],[],,charles homcy
1984,Mae,B.,Hultin,['Renaissance School of Medicine at Stony Brook University'],"['Internal Medicine', 'Cardiovascular Disease', 'Hematology']","['Internal Medicine', 'Cardiovascular Disease', 'Hematology']",['ASCI'],[],[],,mae hultin
1984,Bruce,Carl,Nisula,[],[],[],['ASCI'],[],[],,bruce nisula
1984,Ivor,,Royston,[],"['Administration', 'Oncology']",[],['ASCI'],[],[],,ivor royston
1984,Glen,Richard,Van Loon,[],"['General Medicine', 'Metabolism', 'Endocrinology', 'Internal Medicine']","['General Medicine', 'Metabolism', 'Endocrinology', 'Internal Medicine']",['ASCI'],[],[],,glen van loon
1984,Ronald,L.,Whisler,['Ohio State University College of Medicine'],"['Immunology', 'Rheumatology']",['Rheumatology'],['ASCI'],[],[],,ronald whisler
1985,Douglas,B.,Cines,['University of Pennsylvania Perelman School of Medicine'],"['Immunology', 'Hematology', 'Thromboembolism', 'Laboratory Medicine', 'Oncology', 'Cardiovascular Disease']","['Hematology', 'Laboratory Medicine', 'Cardiovascular Disease']",['ASCI'],[],[],,douglas cines
1985,Theodore,G.,Gabig,['Renaissance School of Medicine at Stony Brook University'],"['Biochemistry', 'Internal Medicine', 'Molecular Biology', 'Hematology', 'Cell Biology']","['Internal Medicine', 'Hematology']",['ASCI'],[],[],,theodore gabig
1985,Mercio,E. A.,Perrin,['Tufts University School of Medicine'],['Infectious Disease'],['Infectious Disease'],['ASCI'],['Tuft University Affiliates*'],"['Tufts Medical Center', 'Tufts University School of Medicine']",,mercio perrin
1985,Jimmie,T.,Sylvester,['Johns Hopkins University School of Medicine'],"['Pulmonology', 'Physiology', 'Critical Care Medicine']","['Pulmonology', 'Critical Care Medicine']",['ASCI'],['Johns Hopkins University Affiliates*'],"['Johns Hopkins Bloomberg School of Public Health', 'Johns Hopkins Medical Institutes', 'Johns Hopkins University School of Medicine']",,jimmie sylvester
1986,Clifton,I.,Bogardus,['National Institutes of Health'],[],[],['ASCI'],[],[],,clifton bogardus
1986,Kiertisin,,Dharmsathaphorn,[],[],[],['ASCI'],[],[],,kiertisin dharmsathaphorn
1986,Boris,,Draznin,['University of Colorado School of Medicine'],"['Endocrinology', 'Diabetes', 'Metabolism', 'Internal Medicine', 'Biochemistry']","['Endocrinology', 'Diabetes', 'Metabolism', 'Internal Medicine']",['ASCI'],['University of Colorado Affiliates*'],"['University of Colorado Health Sciences Center', 'University of Colorado School of Medicine']",,boris draznin
1986,Leslie,David,Hillis,"['UT Health San Antonio, Joe R. & Teresa Lozano Long School of Medicine']",['Cardiovascular Disease'],['Cardiovascular Disease'],['ASCI'],[],[],,leslie hillis
1986,Anne,,Nicholson-Weller,"['Harvard Medical School, Beth Israel Deaconess Medical Center']","['Immunology', 'Infectious Disease']",['Infectious Disease'],['ASCI'],['Harvard University Affiliates*'],"['Broad Institute of Harvard and M.I.T.', 'Harvard Medical School', 'Harvard Medical School, Beth Israel Deaconess Medical Center', ""Harvard Medical School, Boston Children's Hospital"", ""Harvard Medical School, Brigham & Women's Hospital"", 'Harvard Medical School, Center For Blood Research', 'Harvard Medical School, Dana-Farber Cancer Institute', 'Harvard Medical School, Joslin Diabetes Center', 'Harvard Medical School, Massachusetts General Hospital', 'Harvard School of Public Health', 'Mount Auburn Hospital', 'Mass General Brigham']",,anne nicholson-weller
1986,Jess,,Thoene,['University of Michigan Medical School'],"['Cell Biology', 'Pediatrics', 'Genetics', 'Metabolism', 'Biochemistry']","['Pediatrics', 'Genetics', 'Metabolism']",['ASCI'],[],[],,jess thoene
1987,Bennett,L,Blitzer,['Liver Consultants of Cincinnati'],['Hepatology'],['Hepatology'],['ASCI'],[],[],,bennett blitzer
1987,Henry,N.,Hulter,['Calico'],"['Physiology', 'Internal Medicine', 'Nephrology']","['Internal Medicine', 'Nephrology']",['ASCI'],[],[],,henry hulter
1988,Greti,,Aguilera,[],[],[],['ASCI'],[],[],,greti aguilera
1988,Roger,M.,Perlmutter,[],"['Molecular Biology', 'Biochemistry', 'Internal Medicine', 'Genetics', 'Immunology']","['Internal Medicine', 'Genetics']",['ASCI'],[],[],,roger perlmutter
1988,Kenneth,S.,Polonsky,['University of Chicago Pritzker School of Medicine'],"['Endocrinology', 'Diabetes']","['Endocrinology', 'Diabetes']",['ASCI'],[],[],,kenneth polonsky
1988,Howard,,Welgus,['Pfizer'],"['Rheumatology', 'Dermatology']","['Rheumatology', 'Dermatology']",['ASCI'],[],[],,howard welgus
1989,Christine,K.,Abrass,['University of Washington School of Medicine'],"['Cell Biology', 'Internal Medicine', 'Immunology', 'Nephrology', 'Diabetes']","['Internal Medicine', 'Nephrology', 'Diabetes']",['ASCI'],[],[],,christine abrass
1989,Loran,T,Clement,['University of South Alabama College of Medicine'],"['Allergy', 'Immunology', 'Pediatrics']","['Allergy', 'Pediatrics']",['ASCI'],[],[],,loran clement
1989,James,E,Gadek,[],[],[],['ASCI'],[],[],,james gadek
1989,Jeffrey,E,Kudlow,[],[],[],['ASCI'],[],[],,jeffrey kudlow
1989,Henry,,Masur,"['National Institutes of Health', 'George Washington University School of Medicine & Health Sciences']","['Infectious Disease', 'Critical Care Medicine']","['Infectious Disease', 'Critical Care Medicine']",['ASCI'],[],[],,henry masur
1989,Phillip,A.,Pizzo,[],[],[],['ASCI'],[],[],,phillip pizzo
1990,Jonathan,D.,Ashwell,['National Institutes of Health'],"['Cell Biology', 'Immunology']",[],['ASCI'],[],[],,jonathan ashwell
1990,Clark,W.,Distelhorst,['Case Western Reserve University School of Medicine'],"['Hematology', 'Internal Medicine', 'Cell Biology', 'Pharmacology', 'Oncology']","['Hematology', 'Internal Medicine']",['ASCI'],[],[],,clark distelhorst
1990,Subhash,C.,Kukreja,['University of Illinois College of Medicine'],"['Metabolism', 'Endocrinology', 'Administration']","['Metabolism', 'Endocrinology']",['ASCI'],['University of Illinois Affiliates*'],"['University of Illinois at Chicago', 'University of Illinois at Urbana-Champaign', 'University of Illinois College of Medicine']",,subhash kukreja
1990,Cary,M.,Mariash,['Indiana University School of Medicine'],"['Molecular Biology', 'Metabolism', 'Endocrinology', 'Administration']","['Metabolism', 'Endocrinology']",['ASCI'],[],[],,cary mariash
1990,Robert,F.,Meenan,['Boston University School of Public Health'],"['Epidemiology', 'Administration', 'Health services research']",[],['ASCI'],['Boston University Affiliates*'],"['Boston University School of Medicine', 'Boston University School of Public Health']",,robert meenan
1991,Gordon,D.,Ginder,"['Virginia Commonwealth University School of Medicine', 'Virginia Commonwealth University Massey Cancer Center']","['Oncology', 'Molecular Biology', 'Hematology']",['Hematology'],['ASCI'],['Virginia Commonwealth University Affiliates*'],"['Virginia Commonwealth University Massey Cancer Center', 'Virginia Commonwealth University School of Medicine']",,gordon ginder
1991,Theodore,George,Krontiris,[],[],[],['ASCI'],[],[],,theodore krontiris
1991,John,Sherman,Lollar,[],[],[],['ASCI'],[],[],,john lollar
1991,Mortimer,,Poncz,"['University of Pennsylvania Perelman School of Medicine', ""Children's Hospital of Philadelphia""]","['Hematology', 'Pediatrics', 'Molecular Biology']","['Hematology', 'Pediatrics']",['ASCI'],[],[],,mortimer poncz
1991,Petros,,Tsipouras,[],['Genetics'],['Genetics'],['ASCI'],[],[],,petros tsipouras
1992,Allan,S,Detsky,"['Mount Sinai Hospital, Toronto']","['Outcomes research', 'Health services research', 'Internal Medicine', 'Epidemiology']",['Internal Medicine'],['ASCI'],['Mount Sinai Affiliates*'],"['Mount Sinai Hospital, Toronto', 'Icahn School of Medicine at Mount Sinai', 'Mount Sinai Beth Israel', 'Samuel Lunenfeld Research Institute of Mount Sinai Hospital']",,allan detsky
1992,Francisco,,Gonzalez-Scarano,"['University of Pennsylvania Perelman School of Medicine', 'University of Southern California Keck School of Medicine']","['Virology', 'Neurology']",['Neurology'],['ASCI'],[],[],,francisco gonzalez-scarano
1992,Frederick,Sanford,Gorelick,['Yale School of Medicine'],"['Gastroenterology', 'Cell Biology', 'Biochemistry']",['Gastroenterology'],['ASCI'],[],[],,frederick gorelick
1993,Arthur,,Gutierrez-Hartmann,['University of Colorado School of Medicine'],"['Endocrinology', 'Biochemistry', 'Molecular Biology']",['Endocrinology'],['ASCI'],['University of Colorado Affiliates*'],"['University of Colorado Health Sciences Center', 'University of Colorado School of Medicine']",,arthur gutierrez-hartmann
1993,Daniel,,Rotrosen,['National Institutes of Health'],"['Internal Medicine', 'Administration', 'Allergy', 'Immunology', 'Infectious Disease']","['Internal Medicine', 'Allergy', 'Infectious Disease']",['ASCI'],[],[],,daniel rotrosen
1993,Gregory,M.,Vercellotti,['University of Minnesota Medical School'],['Hematology'],['Hematology'],['ASCI'],[],[],,gregory vercellotti
1994,Barbara,,Ballermann,['University of Alberta Faculty of Medicine'],"['Cell Biology', 'Developmental Biology', 'Molecular Biology', 'Nephrology']",['Nephrology'],['ASCI'],[],[],,barbara ballermann
1994,Karol,,Bomsztyk,['University of Washington School of Medicine'],"['Molecular Biology', 'Nephrology']",['Nephrology'],['ASCI'],[],[],,karol bomsztyk
1994,Richard,D.,Granstein,['Weill Cornell Medical College'],"['Dermatology', 'Immunology']",['Dermatology'],['ASCI'],[],[],,richard granstein
1994,Charles,,Natanson,['National Institutes of Health'],['Critical Care Medicine'],['Critical Care Medicine'],['ASCI'],[],[],,charles natanson
1994,Michael,E.,Selsted,['University of Southern California Keck School of Medicine'],"['Infectious Disease', 'Biochemistry', 'Gastroenterology', 'Pathology', 'Immunology', 'Hematology', 'Cell Biology', 'Molecular Biology', 'Laboratory Medicine']","['Infectious Disease', 'Gastroenterology', 'Pathology', 'Hematology', 'Laboratory Medicine']",['ASCI'],[],[],,michael selsted
1995,Webster,K.,Cavenee,"['University of California, San Diego, School of Medicine']","['Pathology', 'Developmental Biology', 'Biochemistry', 'Cell Biology', 'Genetics', 'Molecular Biology']","['Pathology', 'Genetics']",['ASCI'],[],[],,webster cavenee
1995,Fabio,,Cominelli,['Case Western Reserve University School of Medicine'],"['Gastroenterology', 'Immunology', 'Genetics', 'Cell Biology', 'Molecular Biology']","['Gastroenterology', 'Genetics']",['ASCI'],[],[],,fabio cominelli
1995,Mary,C.,Dinauer,['Washington University School of Medicine in St. Louis'],"['Cell Biology', 'Hematology', 'Pediatrics', 'Molecular Biology', 'Genetics', 'Gene Transfer/Gene Therapy']","['Hematology', 'Pediatrics', 'Genetics']",['ASCI'],[],[],,mary dinauer
1995,Howard,L.,Lippton,[],"['Critical Care Medicine', 'Cardiovascular Disease', 'Internal Medicine', 'Preventive Medicine', 'Pulmonology', 'Laboratory Medicine']","['Critical Care Medicine', 'Cardiovascular Disease', 'Internal Medicine', 'Pulmonology', 'Laboratory Medicine']",['ASCI'],[],[],,howard lippton
1995,Sanford,,Markowitz,"['Case Western Reserve University School of Medicine', 'Case Western Reserve University School of Medicine']","['Gastroenterology', 'Oncology', 'Genetics']","['Gastroenterology', 'Genetics']",['ASCI'],[],[],,sanford markowitz
1995,William,A.,Petri Jr.,['University of Virginia School of Medicine'],"['Tropical Medicine', 'Laboratory Medicine', 'Pathology', 'Infectious Disease', 'Vaccines', 'Cell Biology', 'Epidemiology', 'Internal Medicine', 'Immunology', 'Microbiology', 'Molecular Biology']","['Laboratory Medicine', 'Pathology', 'Infectious Disease', 'Internal Medicine', 'Microbiology']",['ASCI'],['University of Virginia Affiliates*'],"['University of Virginia Medical Center', 'University of Virginia School of Medicine']",,william petri jr.
1995,Stephen,A.,Wank,['National Institutes of Health'],"['Endocrinology', 'Genetics', 'Molecular Biology', 'Internal Medicine', 'General Medicine', 'Gastroenterology', 'Cell Biology']","['Endocrinology', 'Genetics', 'Internal Medicine', 'General Medicine', 'Gastroenterology']",['ASCI'],[],[],,stephen wank
1996,Lee,J.,Helman,['University of Southern California Keck School of Medicine'],"['Oncology', 'Internal Medicine', 'Genetics', 'Molecular Biology', 'Biochemistry', 'Cell Biology', 'Endocrinology', 'Pediatrics']","['Internal Medicine', 'Genetics', 'Endocrinology', 'Pediatrics']",['ASCI'],[],[],,lee helman
1996,Gary,,Koretzky,['Weill Cornell Medical College'],"['Administration', 'Rheumatology', 'Internal Medicine', 'Immunology', 'Biochemistry', 'Molecular Biology']","['Rheumatology', 'Internal Medicine']",['ASCI'],[],[],,gary koretzky
1996,Joan,,Kreiss,[],[],[],['ASCI'],[],[],,joan kreiss
1996,CY,Aaron,Stein,['City of Hope Medical Center'],"['Pharmacology', 'Anesthesiology', 'Oncology', 'Biochemistry']",['Anesthesiology'],['ASCI'],[],[],,cy stein
1996,Mary,E.,Tinetti,['Yale School of Medicine'],"['Internal Medicine', 'Epidemiology', 'Geriatrics', 'Health services research']","['Internal Medicine', 'Geriatrics']",['ASCI'],[],[],,mary tinetti
1997,Douglas,,Golenbock,"['University of Massachusetts Medical School', 'Boston University School of Medicine']","['Internal Medicine', 'Infectious Disease', 'Immunology']","['Internal Medicine', 'Infectious Disease']",['ASCI'],['Boston University Affiliates*'],"['Boston University School of Medicine', 'Boston University School of Public Health']",,douglas golenbock
1997,Razelle,,Kurzrock,"['University of California, San Diego, School of Medicine']","['Oncology', 'Molecular Biology', 'Hematology', 'Internal Medicine', 'Genetics', 'Cell Biology']","['Hematology', 'Internal Medicine', 'Genetics']",['ASCI'],[],[],,razelle kurzrock
1997,Dwain,L.,Thiele,['University of Texas Southwestern Medical Center'],"['Immunology', 'Gastroenterology', 'Hepatology', 'Internal Medicine']","['Gastroenterology', 'Hepatology', 'Internal Medicine']",['ASCI'],[],[],,dwain thiele
1997,Hagop,,Youssoufian,[],"['Molecular Biology', 'Genetics', 'Drug Development', 'Hematology', 'Oncology', 'Internal Medicine', 'Cell Biology']","['Genetics', 'Hematology', 'Internal Medicine']",['ASCI'],[],[],,hagop youssoufian
1998,Richard,N.,Kitsis,['Albert Einstein College of Medicine of Yeshiva University'],"['Genetics', 'Cardiovascular Disease', 'Molecular Biology', 'Cell Biology']","['Genetics', 'Cardiovascular Disease']",['ASCI'],[],[],,richard kitsis
1998,Juanita,L.,Merchant,['University of Arizona College of Medicine'],"['Internal Medicine', 'Genetics', 'Gastroenterology', 'Cell Biology', 'Molecular Biology', 'Physiology', 'Microbiology', 'Biochemistry', 'Oncology']","['Internal Medicine', 'Genetics', 'Gastroenterology', 'Microbiology']",['ASCI'],['University of Arizona Affiliates*'],"['University of Arizona Cancer Center', 'University of Arizona College of Medicine', 'University of Arizona Health Sciences']",,juanita merchant
1998,Ori,D.,Rotstein,['University of Toronto Faculty of Medicine'],"['Surgery', 'Infectious Disease', 'Pulmonology', 'Critical Care Medicine', 'Cell Biology', 'Immunology']","['Surgery', 'Infectious Disease', 'Pulmonology', 'Critical Care Medicine']",['ASCI'],[],[],,ori rotstein
1998,Robert,A.,Seder,['National Institutes of Health'],"['Vaccines', 'Infectious Disease', 'Immunology']",['Infectious Disease'],['ASCI'],[],[],,robert seder
1998,Howard,J.,Worman,['Columbia University College of Physicians & Surgeons'],"['Internal Medicine', 'Hepatology', 'Cell Biology']","['Internal Medicine', 'Hepatology']",['ASCI'],[],[],,howard worman
1999,Robert,V.,Farese Jr.,['Harvard School of Public Health'],"['Cell Biology', 'Metabolism', 'Cardiovascular Disease', 'Biochemistry', 'History of Medicine', 'Molecular Biology', 'Endocrinology', 'Genetics']","['Metabolism', 'Cardiovascular Disease', 'Endocrinology', 'Genetics']",['ASCI'],['Harvard University Affiliates*'],"['Broad Institute of Harvard and M.I.T.', 'Harvard Medical School', 'Harvard Medical School, Beth Israel Deaconess Medical Center', ""Harvard Medical School, Boston Children's Hospital"", ""Harvard Medical School, Brigham & Women's Hospital"", 'Harvard Medical School, Center For Blood Research', 'Harvard Medical School, Dana-Farber Cancer Institute', 'Harvard Medical School, Joslin Diabetes Center', 'Harvard Medical School, Massachusetts General Hospital', 'Harvard School of Public Health', 'Mount Auburn Hospital', 'Mass General Brigham']",,robert farese jr.
1999,Andrew,,Karaplis,['McGill University Faculty of Medicine'],"['Developmental Biology', 'Molecular Biology', 'Cell Biology', 'Gene Transfer/Gene Therapy', 'Metabolism', 'Internal Medicine', 'General Medicine']","['Metabolism', 'Internal Medicine', 'General Medicine']",['ASCI'],[],[],,andrew karaplis
1999,Paul,B.,McCray Jr.,['University of Iowa Carver College of Medicine'],"['Pediatrics', 'Infectious Disease', 'Pulmonology', 'Cell Biology', 'Developmental Biology', 'Molecular Biology', 'Gene Transfer/Gene Therapy']","['Pediatrics', 'Infectious Disease', 'Pulmonology']",['ASCI'],[],[],,paul mccray jr.
2000,Linda,L.,Demer,"['University of California, Los Angeles, David Geffen School of Medicine']","['Internal Medicine', 'Cardiology']","['Internal Medicine', 'Cardiology']",['ASCI'],[],[],,linda demer
2000,Iswar,K.,Hariharan,"['University of California, Berkeley']","['Molecular Biology', 'Cell Biology', 'Genetics', 'Developmental Biology']",['Genetics'],['ASCI'],[],[],,iswar hariharan
2000,Larry,,Moreland,['University of Colorado School of Medicine'],"['Immunology', 'Administration', 'Rheumatology', 'Internal Medicine']","['Rheumatology', 'Internal Medicine']",['ASCI'],['University of Colorado Affiliates*'],"['University of Colorado Health Sciences Center', 'University of Colorado School of Medicine']",,larry moreland
2000,William,R.,Skach,['Cystic Fibrosis Foundation'],"['Oncology', 'Internal Medicine', 'Physiology', 'Hematology', 'Cell Biology']","['Internal Medicine', 'Hematology']",['ASCI'],[],[],,william skach
2001,Ethel,,Cesarman,['Weill Cornell Medical College'],"['Molecular Biology', 'Virology', 'Oncology', 'Infectious Disease', 'Pathology']","['Infectious Disease', 'Pathology']",['ASCI'],[],[],,ethel cesarman
2001,Stella,,Kourembanas,"[""Harvard Medical School, Brigham & Women's Hospital"", ""Harvard Medical School, Boston Children's Hospital""]","['Molecular Biology', 'Pulmonology', 'Cell Biology', 'Neonatology', 'Cardiovascular Disease', 'Developmental Biology']","['Pulmonology', 'Neonatology', 'Cardiovascular Disease']",['ASCI'],['Harvard University Affiliates*'],"['Broad Institute of Harvard and M.I.T.', 'Harvard Medical School', 'Harvard Medical School, Beth Israel Deaconess Medical Center', ""Harvard Medical School, Boston Children's Hospital"", ""Harvard Medical School, Brigham & Women's Hospital"", 'Harvard Medical School, Center For Blood Research', 'Harvard Medical School, Dana-Farber Cancer Institute', 'Harvard Medical School, Joslin Diabetes Center', 'Harvard Medical School, Massachusetts General Hospital', 'Harvard School of Public Health', 'Mount Auburn Hospital', 'Mass General Brigham']",,stella kourembanas
2001,Orson,W.,Moe,['University of Texas Southwestern Medical Center'],"['Internal Medicine', 'Nephrology', 'Biochemistry', 'Physiology']","['Internal Medicine', 'Nephrology']",['ASCI'],[],[],,orson moe
2002,Charles,J.,Lowenstein,['Johns Hopkins University School of Medicine'],"['Internal Medicine', 'Cardiology', 'Molecular Biology']","['Internal Medicine', 'Cardiology']",['ASCI'],['Johns Hopkins University Affiliates*'],"['Johns Hopkins Bloomberg School of Public Health', 'Johns Hopkins Medical Institutes', 'Johns Hopkins University School of Medicine']",,charles lowenstein
2002,Anne,,Moscona,['Columbia University College of Physicians & Surgeons'],"['Virology', 'Microbiology', 'Immunology', 'Biophysics', 'Infectious Disease', 'Pediatrics']","['Microbiology', 'Infectious Disease', 'Pediatrics']",['ASCI'],[],[],,anne moscona
2003,Theodore,,Standiford,['University of Michigan Medical School'],"['Pulmonology', 'Critical Care Medicine', 'Gene Transfer/Gene Therapy', 'Immunology']","['Pulmonology', 'Critical Care Medicine']",['ASCI'],[],[],,theodore standiford
2003,Luc,,Teyton,['The Scripps Research Institute'],['Immunology'],[],['ASCI'],[],[],,luc teyton
2004,Preet,,Chaudhary,['University of Southern California Keck School of Medicine'],"['Virology', 'Oncology', 'Molecular Biology', 'Bone marrow transplantation', 'Hematology', 'Internal Medicine']","['Bone marrow transplantation', 'Hematology', 'Internal Medicine']",['ASCI'],[],[],,preet chaudhary
2004,Phyllis,A.,Dennery,['Brown University Medical School'],"['Neonatology', 'Pediatrics', 'Molecular Biology', 'Cell Biology', 'Biochemistry']","['Neonatology', 'Pediatrics']",['ASCI'],[],[],,phyllis dennery
2004,Glenn,,Dranoff,['Novartis Institutes for BioMedical Research'],['Internal Medicine'],['Internal Medicine'],['ASCI'],['Norvatis Affiliates*'],"['Novartis Institutes for BioMedical Research', 'Novartis Pharmaceuticals Corporation']",,glenn dranoff
2004,Theodora,S.,Ross,['University of Texas Southwestern Medical Center'],"['Oncology', 'Genetics']",['Genetics'],['ASCI'],[],[],,theodora ross
2004,Barry,,Sleckman,['University of Alabama at Birmingham School of Medicine'],['Internal Medicine'],['Internal Medicine'],['ASCI'],[],[],,barry sleckman
2004,Dwight,A.,Towler,['University of Texas Southwestern Medical Center'],"['Internal Medicine', 'Molecular Biology', 'Drug Development', 'Endocrinology', 'Bone', 'Metabolism', 'Cardiovascular Disease', 'Diabetes']","['Internal Medicine', 'Endocrinology', 'Metabolism', 'Cardiovascular Disease', 'Diabetes']",['ASCI'],[],[],,dwight towler
2005,Alessandra,,Pernis,['Columbia University College of Physicians & Surgeons'],['Internal Medicine'],['Internal Medicine'],['ASCI'],[],[],,alessandra pernis
2005,Ernestina,,Schipani,['University of Pennsylvania Perelman School of Medicine'],"['Molecular Biology', 'Metabolism', 'Cell Biology', 'Developmental Biology', 'Endocrinology']","['Metabolism', 'Endocrinology']",['ASCI'],[],[],,ernestina schipani
2007,George,,Cotsarelis,['University of Pennsylvania Perelman School of Medicine'],['Dermatology'],['Dermatology'],['ASCI'],[],[],,george cotsarelis
2007,Chaim,,Putterman,['Albert Einstein College of Medicine of Yeshiva University'],['General Medicine'],['General Medicine'],['ASCI'],[],[],,chaim putterman
2008,Robert,O.,Heuckeroth,"[""Children's Hospital of Philadelphia"", 'University of Pennsylvania Perelman School of Medicine']",['Pediatrics'],['Pediatrics'],['ASCI'],[],[],,robert heuckeroth
2008,Warren,D.,Shlomchik,['University of Pittsburgh School of Medicine'],['Internal Medicine'],['Internal Medicine'],['ASCI'],['University of Pittsburgh Affiliates*'],"[""University of Pittsburgh Children's Hospital"", 'University of Pittsburgh Medical Center', 'University of Pittsburgh School of Medicine', 'University of Pittsburgh School of Public Health']",,warren shlomchik
2009,JeanMarie,,Houghton,['University of Massachusetts Medical School'],"['Oncology', 'Gastroenterology']",['Gastroenterology'],['ASCI'],[],[],,jeanmarie houghton
2009,Samir,N.,Khleif,['Georgetown University School of Medicine'],['Internal Medicine'],['Internal Medicine'],['ASCI'],[],[],,samir khleif
2009,Keith,,March,['Indiana University School of Medicine'],['Internal Medicine'],['Internal Medicine'],['ASCI'],[],[],,keith march
2009,Vamsi,,Mootha,"['Harvard Medical School, Massachusetts General Hospital']",['Internal Medicine'],['Internal Medicine'],['ASCI'],['Harvard University Affiliates*'],"['Broad Institute of Harvard and M.I.T.', 'Harvard Medical School', 'Harvard Medical School, Beth Israel Deaconess Medical Center', ""Harvard Medical School, Boston Children's Hospital"", ""Harvard Medical School, Brigham & Women's Hospital"", 'Harvard Medical School, Center For Blood Research', 'Harvard Medical School, Dana-Farber Cancer Institute', 'Harvard Medical School, Joslin Diabetes Center', 'Harvard Medical School, Massachusetts General Hospital', 'Harvard School of Public Health', 'Mount Auburn Hospital', 'Mass General Brigham']",,vamsi mootha
2009,Stephanie,B.,Seminara,"['Harvard Medical School, Massachusetts General Hospital']",['Internal Medicine'],['Internal Medicine'],['ASCI'],['Harvard University Affiliates*'],"['Broad Institute of Harvard and M.I.T.', 'Harvard Medical School', 'Harvard Medical School, Beth Israel Deaconess Medical Center', ""Harvard Medical School, Boston Children's Hospital"", ""Harvard Medical School, Brigham & Women's Hospital"", 'Harvard Medical School, Center For Blood Research', 'Harvard Medical School, Dana-Farber Cancer Institute', 'Harvard Medical School, Joslin Diabetes Center', 'Harvard Medical School, Massachusetts General Hospital', 'Harvard School of Public Health', 'Mount Auburn Hospital', 'Mass General Brigham']",,stephanie seminara
2009,John,,Stamatoyannopoulos,['University of Washington School of Medicine'],['Internal Medicine'],['Internal Medicine'],['ASCI'],[],[],,john stamatoyannopoulos
2009,Omaida,,Velazquez,['University of Miami Miller School of Medicine'],['Surgery'],['Surgery'],['ASCI'],[],[],,omaida velazquez
2010,Nikolaos,G.,Frangogiannis,['Albert Einstein College of Medicine of Yeshiva University'],"['Cardiovascular Disease', 'Cardiology', 'Internal Medicine']","['Cardiovascular Disease', 'Cardiology', 'Internal Medicine']",['ASCI'],[],[],,nikolaos frangogiannis
2010,Mehrdad,,Matloubian,"['University of California, San Francisco, School of Medicine']",['Internal Medicine'],['Internal Medicine'],['ASCI'],[],[],,mehrdad matloubian
2010,Franck,,Mauvais-Jarvis,['Tulane University School of Medicine'],['Internal Medicine'],['Internal Medicine'],['ASCI'],[],[],,franck mauvais-jarvis
2011,Kenneth,,Ataga,['University of Tennessee Health Science Center'],['Hematology'],['Hematology'],['ASCI'],['University of Tennessee Affiliates*'],"['University of Tennessee Health Science Center', 'University of Tennessee, Graduate School of Medicine', 'University of Tennessee, Memphis College of Medicine']",,kenneth ataga
2011,Terrence,,Geiger,"[""St. Jude Children's Research Hospital""]",['Pathology'],['Pathology'],['ASCI'],[],[],,terrence geiger
2011,Michael,,Kapiloff,['Stanford University School of Medicine'],"['Medicine', 'Cardiovascular Medicine', 'Ophthalmology', 'Gene Transfer/Gene Therapy', 'Pediatrics', 'Pharmacology']","['Medicine', 'Ophthalmology', 'Pediatrics']",['ASCI'],['Stanford University Affiliates*'],"['Stanford University School of Medicine', 'Stanford, Institute for Stem Cell Biology and Regenerative Medicine']",,michael kapiloff
2011,Flora,,Sam,['Boston University School of Medicine'],"['Cardiology', 'Cardiovascular Medicine', 'Cardiovascular Disease']","['Cardiology', 'Cardiovascular Disease']",['ASCI'],['Boston University Affiliates*'],"['Boston University School of Medicine', 'Boston University School of Public Health']",,flora sam
2011,Eric,Alejandro,Sweet-Cordero,"['University of California, San Francisco, School of Medicine']",['Pediatrics'],['Pediatrics'],['ASCI'],[],[],,eric sweet-cordero
2011,John,,Wemmie,['University of Iowa Carver College of Medicine'],['Psychiatry'],['Psychiatry'],['ASCI'],[],[],,john wemmie
2011,James,C.,Zimring,['University of Virginia School of Medicine'],['Pathology'],['Pathology'],['ASCI'],['University of Virginia Affiliates*'],"['University of Virginia Medical Center', 'University of Virginia School of Medicine']",,james zimring
2012,Joel,N.,Blankson,['Johns Hopkins University School of Medicine'],['Internal Medicine'],['Internal Medicine'],['ASCI'],['Johns Hopkins University Affiliates*'],"['Johns Hopkins Bloomberg School of Public Health', 'Johns Hopkins Medical Institutes', 'Johns Hopkins University School of Medicine']",,joel blankson
2012,Keith,Thomas,Flaherty,"['Harvard Medical School, Massachusetts General Hospital']","['Clinical trials', 'Internal Medicine', 'Clinical research']",['Internal Medicine'],['ASCI'],['Harvard University Affiliates*'],"['Broad Institute of Harvard and M.I.T.', 'Harvard Medical School', 'Harvard Medical School, Beth Israel Deaconess Medical Center', ""Harvard Medical School, Boston Children's Hospital"", ""Harvard Medical School, Brigham & Women's Hospital"", 'Harvard Medical School, Center For Blood Research', 'Harvard Medical School, Dana-Farber Cancer Institute', 'Harvard Medical School, Joslin Diabetes Center', 'Harvard Medical School, Massachusetts General Hospital', 'Harvard School of Public Health', 'Mount Auburn Hospital', 'Mass General Brigham']",,keith flaherty
2012,Jaime,,Grutzendler,['Yale School of Medicine'],"['Neurology', 'Neuroscience']",['Neurology'],['ASCI'],[],[],,jaime grutzendler
2012,Jonathan,S.,Maltzman,['Stanford University School of Medicine'],"['Nephrology', 'Internal Medicine', 'Transplantation']","['Nephrology', 'Internal Medicine', 'Transplantation']",['ASCI'],['Stanford University Affiliates*'],"['Stanford University School of Medicine', 'Stanford, Institute for Stem Cell Biology and Regenerative Medicine']",,jonathan maltzman
2012,Kieren,,Mather,"['Lilly Research Laboratories', 'Indiana University School of Medicine', 'Eli Lilly and Company']","['Clinical research', 'Internal Medicine']",['Internal Medicine'],['ASCI'],[],[],,kieren mather
2012,Irina,,Petrache,['National Jewish Health'],['Internal Medicine'],['Internal Medicine'],['ASCI'],[],[],,irina petrache
2012,Lorraine,B.,Ware,['Vanderbilt University School of Medicine'],"['Pulmonology', 'Clinical research']",['Pulmonology'],['ASCI'],[],[],,lorraine ware
2013,Wolfram,,Goessling,"['Harvard Medical School, Massachusetts General Hospital', ""Harvard Medical School, Brigham & Women's Hospital""]","['Developmental Biology', 'Medical Oncology', 'Gastroenterology', 'Internal Medicine', 'Cancer biology']","['Medical Oncology', 'Gastroenterology', 'Internal Medicine']",['ASCI'],['Harvard University Affiliates*'],"['Broad Institute of Harvard and M.I.T.', 'Harvard Medical School', 'Harvard Medical School, Beth Israel Deaconess Medical Center', ""Harvard Medical School, Boston Children's Hospital"", ""Harvard Medical School, Brigham & Women's Hospital"", 'Harvard Medical School, Center For Blood Research', 'Harvard Medical School, Dana-Farber Cancer Institute', 'Harvard Medical School, Joslin Diabetes Center', 'Harvard Medical School, Massachusetts General Hospital', 'Harvard School of Public Health', 'Mount Auburn Hospital', 'Mass General Brigham']",,wolfram goessling
2013,Farouc,Amin,Jaffer,"['Harvard Medical School, Massachusetts General Hospital']",['Internal Medicine'],['Internal Medicine'],['ASCI'],['Harvard University Affiliates*'],"['Broad Institute of Harvard and M.I.T.', 'Harvard Medical School', 'Harvard Medical School, Beth Israel Deaconess Medical Center', ""Harvard Medical School, Boston Children's Hospital"", ""Harvard Medical School, Brigham & Women's Hospital"", 'Harvard Medical School, Center For Blood Research', 'Harvard Medical School, Dana-Farber Cancer Institute', 'Harvard Medical School, Joslin Diabetes Center', 'Harvard Medical School, Massachusetts General Hospital', 'Harvard School of Public Health', 'Mount Auburn Hospital', 'Mass General Brigham']",,farouc jaffer
2013,Ivan,P.,Maillard,['University of Pennsylvania Perelman School of Medicine'],['Internal Medicine'],['Internal Medicine'],['ASCI'],[],[],,ivan maillard
2013,Borna,,Mehrad,['University of Florida College of Medicine'],"['Immunology', 'Critical Care Medicine', 'Pulmonology', 'Infectious Disease']","['Critical Care Medicine', 'Pulmonology', 'Infectious Disease']",['ASCI'],[],[],,borna mehrad
2013,Puneet,,Opal,['Northwestern University Feinberg School of Medicine'],['Neurology'],['Neurology'],['ASCI'],['Northwestern University Affiliates*'],"['Northwestern Memorial Hospital', 'Northwestern University Feinberg School of Medicine']",,puneet opal
2013,Elizabeth,K.,Speliotes,['University of Michigan Medical School'],['Internal Medicine'],['Internal Medicine'],['ASCI'],[],[],,elizabeth speliotes
2014,Linda,M.,McAllister-Lucas,['University of Pittsburgh School of Medicine'],['Pediatrics'],['Pediatrics'],['ASCI'],['University of Pittsburgh Affiliates*'],"[""University of Pittsburgh Children's Hospital"", 'University of Pittsburgh Medical Center', 'University of Pittsburgh School of Medicine', 'University of Pittsburgh School of Public Health']",,linda mcallister-lucas
2015,Jennifer,H.,Anolik,['University of Rochester School of Medicine & Dentistry'],['Medicine'],['Medicine'],['ASCI'],[],[],,jennifer anolik
2015,Alec,C.,Kimmelman,['New York University School of Medicine'],['Radiation Oncology'],['Radiation Oncology'],['ASCI'],[],[],,alec kimmelman
2015,Atsushi,,Kumanogoh,['Osaka University'],['Allergy'],['Allergy'],['ASCI'],[],[],,atsushi kumanogoh
2015,Thorsten,,Mempel,"['Harvard Medical School, Massachusetts General Hospital']",['Immunology'],[],['ASCI'],['Harvard University Affiliates*'],"['Broad Institute of Harvard and M.I.T.', 'Harvard Medical School', 'Harvard Medical School, Beth Israel Deaconess Medical Center', ""Harvard Medical School, Boston Children's Hospital"", ""Harvard Medical School, Brigham & Women's Hospital"", 'Harvard Medical School, Center For Blood Research', 'Harvard Medical School, Dana-Farber Cancer Institute', 'Harvard Medical School, Joslin Diabetes Center', 'Harvard Medical School, Massachusetts General Hospital', 'Harvard School of Public Health', 'Mount Auburn Hospital', 'Mass General Brigham']",,thorsten mempel
2015,Lynda,Maria,Stuart,['Bill and Melinda Gates Foundation'],['Internal Medicine'],['Internal Medicine'],['ASCI'],[],[],,lynda stuart
2016,Vahid,,Afshar-Kharghan,['University of Texas MD Anderson Cancer Center'],['Internal Medicine'],['Internal Medicine'],['ASCI'],[],[],,vahid afshar-kharghan
2016,Balamurali,,Ambati,['University of Utah School of Medicine'],"['Ophthalmology', 'Surgery']","['Ophthalmology', 'Surgery']",['ASCI'],[],[],,balamurali ambati
2016,Kamran,,Atabai,"['University of California, San Francisco, School of Medicine']",['Internal Medicine'],['Internal Medicine'],['ASCI'],[],[],,kamran atabai
2016,Trever,,Bivona,"['University of California, San Francisco, School of Medicine']","['Oncology', 'Cell Biology', 'Cancer biology', 'Genetics']",['Genetics'],['ASCI'],[],[],,trever bivona
2016,Melina,R.,Kibbe,['University of North Carolina School of Medicine'],['Surgery'],['Surgery'],['ASCI'],[],[],,melina kibbe
2016,Carla,M.,Pugh,['Stanford University School of Medicine'],['Surgery'],['Surgery'],['ASCI'],['Stanford University Affiliates*'],"['Stanford University School of Medicine', 'Stanford, Institute for Stem Cell Biology and Regenerative Medicine']",,carla pugh
2016,Koji,,Yasutomo,['Tokushima University'],['Pediatrics'],['Pediatrics'],['ASCI'],[],[],,koji yasutomo
2017,Sarat,,Chandarlapaty,['Memorial Sloan Kettering Cancer Center'],['Internal Medicine'],['Internal Medicine'],['ASCI'],[],[],,sarat chandarlapaty
2017,Anna,,Greka,"[""Harvard Medical School, Brigham & Women's Hospital""]","['Medicine', 'Nephrology']","['Medicine', 'Nephrology']",['ASCI'],['Harvard University Affiliates*'],"['Broad Institute of Harvard and M.I.T.', 'Harvard Medical School', 'Harvard Medical School, Beth Israel Deaconess Medical Center', ""Harvard Medical School, Boston Children's Hospital"", ""Harvard Medical School, Brigham & Women's Hospital"", 'Harvard Medical School, Center For Blood Research', 'Harvard Medical School, Dana-Farber Cancer Institute', 'Harvard Medical School, Joslin Diabetes Center', 'Harvard Medical School, Massachusetts General Hospital', 'Harvard School of Public Health', 'Mount Auburn Hospital', 'Mass General Brigham']",,anna greka
2017,Shyamasundaran,,Kottilil,['University of Maryland School of Medicine'],"['Immunology', 'Infectious Disease', 'Internal Medicine']","['Infectious Disease', 'Internal Medicine']",['ASCI'],[],[],,shyamasundaran kottilil
2017,Lona,,Mody,['University of Michigan Medical School'],"['Aging', 'Health services research', 'Epidemiology']",[],['ASCI'],[],[],,lona mody
2018,Jodie,,Babitt,"['Harvard Medical School, Massachusetts General Hospital']",['Medicine'],['Medicine'],['ASCI'],['Harvard University Affiliates*'],"['Broad Institute of Harvard and M.I.T.', 'Harvard Medical School', 'Harvard Medical School, Beth Israel Deaconess Medical Center', ""Harvard Medical School, Boston Children's Hospital"", ""Harvard Medical School, Brigham & Women's Hospital"", 'Harvard Medical School, Center For Blood Research', 'Harvard Medical School, Dana-Farber Cancer Institute', 'Harvard Medical School, Joslin Diabetes Center', 'Harvard Medical School, Massachusetts General Hospital', 'Harvard School of Public Health', 'Mount Auburn Hospital', 'Mass General Brigham']",,jodie babitt
2018,Murat,,Bastepe,"['Harvard Medical School, Massachusetts General Hospital']",['Pharmacology'],[],['ASCI'],['Harvard University Affiliates*'],"['Broad Institute of Harvard and M.I.T.', 'Harvard Medical School', 'Harvard Medical School, Beth Israel Deaconess Medical Center', ""Harvard Medical School, Boston Children's Hospital"", ""Harvard Medical School, Brigham & Women's Hospital"", 'Harvard Medical School, Center For Blood Research', 'Harvard Medical School, Dana-Farber Cancer Institute', 'Harvard Medical School, Joslin Diabetes Center', 'Harvard Medical School, Massachusetts General Hospital', 'Harvard School of Public Health', 'Mount Auburn Hospital', 'Mass General Brigham']",,murat bastepe
2018,Sudha,B.,Biddinger,"[""Harvard Medical School, Boston Children's Hospital""]",['Diabetes'],['Diabetes'],['ASCI'],['Harvard University Affiliates*'],"['Broad Institute of Harvard and M.I.T.', 'Harvard Medical School', 'Harvard Medical School, Beth Israel Deaconess Medical Center', ""Harvard Medical School, Boston Children's Hospital"", ""Harvard Medical School, Brigham & Women's Hospital"", 'Harvard Medical School, Center For Blood Research', 'Harvard Medical School, Dana-Farber Cancer Institute', 'Harvard Medical School, Joslin Diabetes Center', 'Harvard Medical School, Massachusetts General Hospital', 'Harvard School of Public Health', 'Mount Auburn Hospital', 'Mass General Brigham']",,sudha biddinger
2018,Jeremy,S.,Dittman,['Weill Cornell Medical College'],['Neurobiology'],[],['ASCI'],[],[],,jeremy dittman
2018,Alexandre,,Dombrovski,['University of Pittsburgh School of Medicine'],['Psychiatry'],['Psychiatry'],['ASCI'],['University of Pittsburgh Affiliates*'],"[""University of Pittsburgh Children's Hospital"", 'University of Pittsburgh Medical Center', 'University of Pittsburgh School of Medicine', 'University of Pittsburgh School of Public Health']",,alexandre dombrovski
2018,Saptarsi,,Haldar,"['Amgen', 'Amgen', 'University of California, San Francisco, School of Medicine']","['Cardiovascular Medicine', 'Metabolism', 'Muscle disease', 'Cardiology']","['Metabolism', 'Cardiology']",['ASCI'],[],[],,saptarsi haldar
2018,Megan,R.,Haymart,['University of Michigan Medical School'],['Endocrinology'],['Endocrinology'],['ASCI'],[],[],,megan haymart
2018,Leora,,Horwitz,['New York University School of Medicine'],['Internal Medicine'],['Internal Medicine'],['ASCI'],[],[],,leora horwitz
2018,Suneil,K.,Koliwad,"['University of California, San Francisco, School of Medicine']","['Obesity', 'Aging', 'Endocrinology', 'Immunology', 'Diabetes', 'Internal Medicine', 'Nutrition', 'Metabolism']","['Endocrinology', 'Diabetes', 'Internal Medicine', 'Metabolism']",['ASCI'],[],[],,suneil koliwad
2018,Simone,,Sanna-Cherchi,['Columbia University College of Physicians & Surgeons'],['Medicine'],['Medicine'],['ASCI'],[],[],,simone sanna-cherchi
2019,Bibiana,,Bielekova,"['NIH, National Institute of Allergy and Infectious Diseases (NIAID)']",['Neurology'],['Neurology'],['ASCI'],['NIH Affiliates*'],"['NIH, Eunice Kennedy Shriver National Institute of Child Health and Human Development (NICHD)', 'NIH, National Cancer Institute (NCI)', 'NIH, National Center for Complementary and Integrative Health (NCCIH)', 'NIH, National Eye Institute (NEI)', 'NIH, National Heart, Lung, and Blood Institute (NHLBI)', 'NIH, National Human Genome Research Institute (NHGRI)', 'NIH, National Institute of Allergy and Infectious Diseases (NIAID)', 'NIH, National Institute of Arthritis and Musculoskeletal and Skin Diseases (NIAMS)', 'NIH, National Institute of Diabetes and Digestive and Kidney Diseases (NIDDK)', 'NIH, National Institute of Minority Health and Health Disparities', 'NIH, National Institute of Neurological Disorders and Stroke (NINDS)', 'NIH, National Institute on Aging (NIA)', 'NIH, National Institute on Alcohol Abuse and Alcoholism (NIAAA)']",,bibiana bielekova
2019,Kafui,,Dzirasa,['Duke University Medical Center'],['Psychiatry'],['Psychiatry'],['ASCI'],['Duke University Affiliates*'],"['Duke University and Health System', 'Duke University Medical Center', 'Duke University School of Medicine', 'Duke-NUS Medical School']",,kafui dzirasa
2019,Samia,,Mora,"[""Harvard Medical School, Brigham & Women's Hospital""]",['Cardiology'],['Cardiology'],['ASCI'],['Harvard University Affiliates*'],"['Broad Institute of Harvard and M.I.T.', 'Harvard Medical School', 'Harvard Medical School, Beth Israel Deaconess Medical Center', ""Harvard Medical School, Boston Children's Hospital"", ""Harvard Medical School, Brigham & Women's Hospital"", 'Harvard Medical School, Center For Blood Research', 'Harvard Medical School, Dana-Farber Cancer Institute', 'Harvard Medical School, Joslin Diabetes Center', 'Harvard Medical School, Massachusetts General Hospital', 'Harvard School of Public Health', 'Mount Auburn Hospital', 'Mass General Brigham']",,samia mora
2019,Nima,,Mosammaparast,['Washington University School of Medicine in St. Louis'],['Laboratory Medicine'],['Laboratory Medicine'],['ASCI'],[],[],,nima mosammaparast
2019,Nicolas,,Musi,"['UT Health San Antonio, Joe R. & Teresa Lozano Long School of Medicine']",['Internal Medicine'],['Internal Medicine'],['ASCI'],[],[],,nicolas musi
2019,Arnold,M.,Weissler,['Mayo Clinic'],"['Cardiology', 'Internal Medicine', 'Cardiovascular Disease']","['Cardiology', 'Internal Medicine', 'Cardiovascular Disease']",['ASCI'],[],[],,arnold weissler
2020,Julie,A.,Bastarache,['Vanderbilt University School of Medicine'],"['Pulmonology', 'Critical Care Medicine']","['Pulmonology', 'Critical Care Medicine']",['ASCI'],[],[],,julie bastarache
2020,Gregory,,Bisson,['University of Pennsylvania Perelman School of Medicine'],['Infectious Disease'],['Infectious Disease'],['ASCI'],[],[],,gregory bisson
2020,Katrin,,Chua,['Stanford University School of Medicine'],['Aging'],[],['ASCI'],['Stanford University Affiliates*'],"['Stanford University School of Medicine', 'Stanford, Institute for Stem Cell Biology and Regenerative Medicine']",,katrin chua
2020,Mark,E.,Hatley,"[""St. Jude Children's Research Hospital""]",['Pediatrics'],['Pediatrics'],['ASCI'],[],[],,mark hatley
2020,Shuta,,Ishibe,['Yale School of Medicine'],['Internal Medicine'],['Internal Medicine'],['ASCI'],[],[],,shuta ishibe
2020,Marcela,V.,Maus,"['Harvard Medical School, Massachusetts General Hospital']",['Immunology'],[],['ASCI'],['Harvard University Affiliates*'],"['Broad Institute of Harvard and M.I.T.', 'Harvard Medical School', 'Harvard Medical School, Beth Israel Deaconess Medical Center', ""Harvard Medical School, Boston Children's Hospital"", ""Harvard Medical School, Brigham & Women's Hospital"", 'Harvard Medical School, Center For Blood Research', 'Harvard Medical School, Dana-Farber Cancer Institute', 'Harvard Medical School, Joslin Diabetes Center', 'Harvard Medical School, Massachusetts General Hospital', 'Harvard School of Public Health', 'Mount Auburn Hospital', 'Mass General Brigham']",,marcela maus
2020,Javid,J.,Moslehi,"['University of California, San Francisco, School of Medicine']",['Cardiology'],['Cardiology'],['ASCI'],[],[],,javid moslehi
2020,Lauren,H.,Sansing,['Yale School of Medicine'],['Neurology'],['Neurology'],['ASCI'],[],[],,lauren sansing
2020,Jennifer,A,Woyach,['Ohio State University College of Medicine'],['Medicine'],['Medicine'],['ASCI'],[],[],,jennifer woyach
2021,Himisha,,Beltran,"['Harvard Medical School, Dana-Farber Cancer Institute']",['Medical Oncology'],['Medical Oncology'],['ASCI'],['Harvard University Affiliates*'],"['Broad Institute of Harvard and M.I.T.', 'Harvard Medical School', 'Harvard Medical School, Beth Israel Deaconess Medical Center', ""Harvard Medical School, Boston Children's Hospital"", ""Harvard Medical School, Brigham & Women's Hospital"", 'Harvard Medical School, Center For Blood Research', 'Harvard Medical School, Dana-Farber Cancer Institute', 'Harvard Medical School, Joslin Diabetes Center', 'Harvard Medical School, Massachusetts General Hospital', 'Harvard School of Public Health', 'Mount Auburn Hospital', 'Mass General Brigham']",,himisha beltran
2021,Supinda,,Bunyavanich,['Icahn School of Medicine at Mount Sinai'],['Internal Medicine'],['Internal Medicine'],['ASCI'],['Mount Sinai Affiliates*'],"['Mount Sinai Hospital, Toronto', 'Icahn School of Medicine at Mount Sinai', 'Mount Sinai Beth Israel', 'Samuel Lunenfeld Research Institute of Mount Sinai Hospital']",,supinda bunyavanich
2021,Mark,Edward,Burkard,['University of Wisconsin School of Medicine and Public Health'],['Medical Oncology'],['Medical Oncology'],['ASCI'],[],[],,mark burkard
2021,Nataki,C.,Douglas,"['Rutgers, New Jersey Medical School']",['Obstetrics and Gynecology'],[],['ASCI'],['Rutgers University Affiliates*'],"['Rutgers, New Jersey Medical School', 'Rutgers, Robert Wood Johnson Medical School', 'Rutgers, The State University of New Jersey']",,nataki douglas
2021,Brian,,Edelson,['Washington University School of Medicine in St. Louis'],['Laboratory Medicine'],['Laboratory Medicine'],['ASCI'],[],[],,brian edelson
2021,Peyman,,Golshani,"['University of California, Los Angeles, David Geffen School of Medicine']",['Neurology'],['Neurology'],['ASCI'],[],[],,peyman golshani
2021,Purna,,Kashyap,['Mayo Clinic'],['Gastroenterology'],['Gastroenterology'],['ASCI'],[],[],,purna kashyap
2021,Piro,,Lito,['Memorial Sloan Kettering Cancer Center'],['Internal Medicine'],['Internal Medicine'],['ASCI'],[],[],,piro lito
2021,Peggy,,Myung,['Yale School of Medicine'],['Dermatology'],['Dermatology'],['ASCI'],[],[],,peggy myung
2021,Utpal,B.,Pajvani,['Columbia University College of Physicians & Surgeons'],['Internal Medicine'],['Internal Medicine'],['ASCI'],[],[],,utpal pajvani
2021,Chad,V.,Pecot,['University of North Carolina School of Medicine'],['Medical Oncology'],['Medical Oncology'],['ASCI'],[],[],,chad pecot
2021,Joanna,,Steinglass,['Columbia University College of Physicians & Surgeons'],['Psychiatry'],['Psychiatry'],['ASCI'],[],[],,joanna steinglass
2021,Hilary,Aurora,Tindle,['Vanderbilt University School of Medicine'],"['Health care disparities', 'Internal Medicine']",['Internal Medicine'],['ASCI'],[],[],,hilary tindle
2021,Jinoos,,Yazdany,"['University of California, San Francisco, School of Medicine']","['Health services research', 'Health care disparities', 'Internal Medicine']",['Internal Medicine'],['ASCI'],[],[],,jinoos yazdany
2021,Julie,,Zikherman,"['University of California, San Francisco, School of Medicine']",['Rheumatology'],['Rheumatology'],['ASCI'],[],[],,julie zikherman
2022,Suneet,,Agarwal,"['Harvard Medical School', ""Boston Children's Hospital""]",['Bone marrow transplantation'],,['ASCI'],,,,suneet agarwal
2022,Valerie,,Arboleda,['University of California Los Angeles David Geffen School of Medicine'],"['Genetics', 'Genomics', 'Laboratory Medicine', 'Pathology']",,['ASCI'],,,,valerie arboleda
2022,Grant,,Barish,['Northwestern University Feinberg School of Medicine'],['Endocrinology'],,['ASCI'],,,,grant barish
2022,Ann,,Chahroudi,['Emory University School of Medicine'],['Pediatrics'],,['ASCI'],,,,ann chahroudi
2022,Hitesh,,Deshmukh,['University of Cincinnati College of Medicine'],['Neonatology'],,['ASCI'],,,,hitesh deshmukh
2022,Ankush,,Gosain,['University of Colorado Health Sciences Center'],['Surgery'],,['ASCI'],,,,ankush gosain
2022,Ronna,,Hertzano,['University of Maryland School of Medicine'],['Otolaryngology'],,['ASCI'],,,,ronna hertzano
2022,Saurabh,,Mehandru,['Icahn School of Medicine at Mount Sinai'],['Gastroenterology'],,['ASCI'],,,,saurabh mehandru
2022,Sudarshan,,Rajagopal,['Duke University School of Medicine'],['Cardiovascular Disease'],,['ASCI'],,,,sudarshan rajagopal
2022,Tamer,,Sallam,['University of California Los Angeles David Geffen School of Medicine'],"['Cardiology', 'Cardiovascular Disease', 'Genetics', 'Genomics', 'Medicine', 'Metabolism', 'Molecular Biology']",,['ASCI'],,,,tamer sallam
2023,Brian,,DeBosch,['Washington University School of Medicine in St. Louis'],['Pediatrics'],,['ASCI'],,,,brian debosch
2023,Joanna,,Klubo-Gwiezdzinska,"['NIH, National Institute of Diabetes and Digestive and Kidney Diseases (NIDDK)']",['Internal Medicine'],,['ASCI'],,,,joanna klubo-gwiezdzinska
2023,Harmeet,,Malhi,['Mayo Clinic'],['Gastroenterology'],,['ASCI'],,,,harmeet malhi
2023,Sandeep,,Mallipattu,['Renaissance School of Medicine at Stony Brook University'],['Nephrology'],,['ASCI'],,,,sandeep mallipattu
2023,Stacey,,Rentschler,['Washington University School of Medicine in St. Louis'],['Medicine'],,['ASCI'],,,,stacey rentschler
2023,Katy,,Rezvani,['University of Texas MD Anderson Cancer Center'],['Oncology'],,['ASCI'],,,,katy rezvani
2023,Aylin,,Rodan,['University of Utah School of Medicine'],"['Internal Medicine', 'Nephrology']",,['ASCI'],,,,aylin rodan
2023,Cyndya,,Shibao,['Vanderbilt University School of Medicine'],['Clinical research'],,['ASCI'],,,,cyndya shibao
2023,Duane,,Wesemann,['Harvard Medical School'],['Immunology'],,['ASCI'],,,,duane wesemann
2023,Amir,,Zarrinpar,"['University of California, San Diego, School of Medicine']","['Experimental Therapeutics', 'Gastroenterology', 'Hepatology', 'Obesity']",,['ASCI'],,,,amir zarrinpar
2014,Theresa,,Alenghat,['University of Cincinnati'],"['Epigenomics', 'Host-Commensal Relationship']",,['BWF'],,,,theresa alenghat
2014,Christina,,Barkauskas,['Duke University'],"['Pulmonology', 'Lung Fibrosis']",,['BWF'],,,,christina barkauskas
2014,Jeffery,,Klco,['University of Tennessee'],"['Hematology', 'Notch Signaling']",,['BWF'],,,,jeffery klco
2014,Sudarshan,,Rajagopal,['Duke University Medical Center'],"['Pulmonology', 'Pulmonary Hypertension']",,['BWF'],,,,sudarshan rajagopal
2015,Charles,,Gawad,['University of Tennessee Health Science Center'],"['Oncology', 'Leukemia', 'Genomics']",,['BWF'],,,,charles gawad
2015,Bluma,,Lesch,['Massachusetts Institute of Technology'],"['Genetics', 'Epigenetics']",,['BWF'],,,,bluma lesch
2015,Sahar,,Nissim,['Harvard Medical School'],"['Oncology', 'Cancer Genetics']",,['BWF'],,,,sahar nissim
2016,Heidi,,Cook-Andersen,['University of California-San Diego'],"['Genetics', 'Embryology']",,['BWF'],,,,heidi cook-andersen
2016,Devanand,,Manoli,['University of California-San Francisco'],"['Psychiatry', 'Neurodevelopment']",,['BWF'],,,,devanand manoli
2016,Dhakshin,,Ramanathan,['University of California-San Francisco'],"['Neuroscience', 'Memory Studies']",,['BWF'],,,,dhakshin ramanathan
2016,Tiffany,,Scharschmidt,['University of California-San Francisco'],"['Immunology', 'Microbiology']",,['BWF'],,,,tiffany scharschmidt
2017,Vijay,,Bhoj,['University of Pennsylvania'],"['Hematology', 'Immunotherapy']",,['BWF'],,,,vijay bhoj
2017,Tamia,,Harris-Tryon,['University of Texas Southwestern Medical Center-Dallas'],"['Dermatology', 'Immunology']",,['BWF'],,,,tamia harris-tryon
2017,Kent,,Mouw,['Harvard Medical School'],"['Oncology', 'Bladder Cancer']",,['BWF'],,,,kent mouw
2017,Tamer,,Sallam,['University of California-Los Angeles'],"['Cardiology', 'Cardiovascular Diseases']",,['BWF'],,,,tamer sallam
2018,Mark,,Sellmyer,['University of Pennsylvania'],['Microbiology'],,['BWF'],,,,mark sellmyer
2018,Tanya,,Sippy,['New York University'],['Neuroscience'],,['BWF'],,,,tanya sippy
2019,Karuna,,Ganesh,['Memorial Sloan-Kettering Cancer Center'],['Cancer Biology'],,['BWF'],,,,karuna ganesh
2019,Marie,,Guerraty,['University of Pennsylvania'],['Cardiovascular Disease'],,['BWF'],,,,marie guerraty
2019,Michael,,Kattah,['University of California-San Francisco'],['Gastroenterology'],,['BWF'],,,,michael kattah
2019,Robert,,Samstein,['Memorial Sloan-Kettering Cancer Center'],['Immunology'],,['BWF'],,,,robert samstein
2019,Santosha,,Vardhana,['Memorial Sloan-Kettering Cancer Center'],['Immunology'],,['BWF'],,,,santosha vardhana
2021,Serine,,Avagyan,"['Dana-Farber, Boston Childrens Hospital Cancer and Blood Disorders Center']",['Hematology'],,['BWF'],,,,serine avagyan
2021,Raghu,,Chivukula,['Massachusetts Institute of Technology'],['Pulmonology'],,['BWF'],,,,raghu chivukula
2021,Carlos,,Diaz-Balzac,['University of Rochester'],['Neurodevelopment,,['BWF'],,,,carlos diaz-balzac
2021,Neir,,Eshel,['Stanford University'],['Neuroscience'],,['BWF'],,,,neir eshel
2022,William,,Freed-Pastor,['Harvard Medical School'],['Immunology'],,['BWF'],,,,william freed-pastor
2022,Gil,,Hoftman,['University of California-Los Angeles'],['Psychiatry'],,['BWF'],,,,gil hoftman
2022,Carolyn,,Sangokoya,['University of California-San Francisco'],['Stem Cell Biology'],,['BWF'],,,,carolyn sangokoya
2022,Jay,,Sarthy,['Fred Hutchinson Cancer Research Center'],['Oncology'],,['BWF'],,,,jay sarthy
2023,Maria ,,Basil,['University of Pennsylvania'],['Cell Biology'],,['BWF'],,,,maria  basil
2023,Glynnis,,Garry,['University of Texas Southwestern Medical Center-Dallas'],['Cardiology'],,['BWF'],,,,glynnis garry
2023,Sattar,,Khoshkhoo,['Harvard Medical School'],['Neurology'],,['BWF'],,,,sattar khoshkhoo
2023,Paulo,,Lizano,['Beth Israel Deaconess Medical Center'],['Psychiatry'],,['BWF'],,,,paulo lizano
2023,Jacqueline,,Parchem,['University of Texas-Houston Health Science Center'],['Obstetrics'],,['BWF'],,,,jacqueline parchem
2023,Sheila,,Shanmugan,['University of Pennsylvania'],['Psychiatry'],,['BWF'],,,,sheila shanmugan
2023,Joelle,,Straehla,['Massachusetts Institute of Technology'],['Oncology'],,['BWF'],,,,joelle straehla
2023,Brian,,Sweis,['Icahn School of Medicine at Mount Sinai'],['Psychiatry'],,['BWF'],,,,brian sweis
2023,Tobiloba,,Oni,"['Stony Brook University','Whitehead Institute', 'Koch Institute for Integrative Cancer Research at MIT']",['Oncology'],,['MIT KI'],,,,tobiloba oni
2023,Joelle ,,Straehla,"['Boston Children's Cancer and Blood Disorders Center', 'Harvard Medical School', 'Northwestern University', 'University of Washington', 'Koch Institute for Integrative Cancer Research at MIT']","['Oncology','Precision medicine']",,['MIT KI'],,,,joelle  straehla
